id,key,name,tags,solved,category,createdAt,updatedAt,difficulty,description,disabledEnv,mitigationUrl,tutorialOrder,hasCodingChallenge,codingChallengeStatus
1,restfulXssChallenge,API-only XSS,"Danger Zone,With Coding Challenge",0,XSS,2026-03-04 09:18:12.824 +00:00,2026-03-04 09:18:12.824 +00:00,3,"Perform a <i>persisted</i> XSS attack with <code>&lt;iframe src=""javascript:alert(`xss`)""&gt;</code> without using the frontend application at all. <em>(This challenge is <strong>potentially harmful</strong> on Docker!)</em>",Docker,https://cheatsheetseries.owasp.org/cheatsheets/Cross_Site_Scripting_Prevention_Cheat_Sheet.html,NULL,1,0
2,accessLogDisclosureChallenge,Access Log,With Coding Challenge,0,Sensitive Data Exposure,2026-03-04 09:18:12.824 +00:00,2026-03-04 09:18:12.824 +00:00,4,Gain access to any access log file of the server.,NULL,https://cheatsheetseries.owasp.org/cheatsheets/Logging_Cheat_Sheet.html,NULL,1,0
3,registerAdminChallenge,Admin Registration,With Coding Challenge,0,Improper Input Validation,2026-03-04 09:18:12.824 +00:00,2026-03-04 09:18:12.824 +00:00,3,Register as a user with administrator privileges.,NULL,https://cheatsheetseries.owasp.org/cheatsheets/Mass_Assignment_Cheat_Sheet.html,NULL,1,0
4,adminSectionChallenge,Admin Section,"Good for Demos,With Coding Challenge",0,Broken Access Control,2026-03-04 09:18:12.824 +00:00,2026-03-04 09:18:12.824 +00:00,2,Access the administration section of the store.,NULL,https://cheatsheetseries.owasp.org/cheatsheets/Authorization_Cheat_Sheet.html,8,1,0
5,fileWriteChallenge,Arbitrary File Write,"Danger Zone,Prerequisite",0,Vulnerable Components,2026-03-04 09:18:12.824 +00:00,2026-03-04 09:18:12.824 +00:00,6,"Overwrite the <a href=""/ftp/legal.md"">Legal Information</a> file. <em>(This challenge is <strong>potentially harmful</strong> on Docker!)</em>",Docker,https://cheatsheetseries.owasp.org/cheatsheets/Vulnerable_Dependency_Management_Cheat_Sheet.html,NULL,0,0
6,resetPasswordBjoernOwaspChallenge,Bjoern's Favorite Pet,"OSINT,With Coding Challenge",0,Broken Authentication,2026-03-04 09:18:12.824 +00:00,2026-03-04 09:18:12.824 +00:00,3,"Reset the password of Bjoern's OWASP account via the <a href=""/#/forgot-password"">Forgot Password</a> mechanism with <i>the original answer</i> to his security question.",NULL,https://cheatsheetseries.owasp.org/cheatsheets/Choosing_and_Using_Security_Questions_Cheat_Sheet.html,NULL,1,0
7,tokenSaleChallenge,Blockchain Hype,"Contraption,Code Analysis,Web3,With Coding Challenge",0,Security through Obscurity,2026-03-04 09:18:12.824 +00:00,2026-03-04 09:18:12.824 +00:00,5,Learn about the Token Sale before its official announcement.,NULL,NULL,NULL,1,0
8,nftUnlockChallenge,NFT Takeover,"Contraption,Good for Demos,Web3,With Coding Challenge",0,Sensitive Data Exposure,2026-03-04 09:18:12.824 +00:00,2026-03-04 09:18:12.824 +00:00,2,Take over the wallet containing our official Soul Bound Token (NFT).,NULL,NULL,NULL,1,0
9,nftMintChallenge,Mint the Honey Pot,"Web3,Internet Traffic,With Coding Challenge",0,Improper Input Validation,2026-03-04 09:18:12.824 +00:00,2026-03-04 09:18:12.824 +00:00,3,Mint the Honey Pot NFT by gathering BEEs from the bee haven.,NULL,NULL,NULL,1,0
10,web3WalletChallenge,Wallet Depletion,"Web3,Internet Traffic,With Coding Challenge",0,Miscellaneous,2026-03-04 09:18:12.824 +00:00,2026-03-04 09:18:12.824 +00:00,6,Withdraw more ETH from the new wallet than you deposited.,NULL,NULL,NULL,1,0
11,web3SandboxChallenge,Web3 Sandbox,"Web3,With Coding Challenge",0,Broken Access Control,2026-03-04 09:18:12.824 +00:00,2026-03-04 09:18:12.824 +00:00,1,Find an accidentally deployed code sandbox for writing smart contracts on the fly.,NULL,NULL,NULL,1,0
12,rceChallenge,Blocked RCE DoS,Danger Zone,0,Insecure Deserialization,2026-03-04 09:18:12.825 +00:00,2026-03-04 09:18:12.825 +00:00,5,Perform a Remote Code Execution that would keep a less hardened application busy <em>forever</em>. <em>(This challenge is <strong>potentially harmful</strong> on Docker!)</em>,Docker,https://cheatsheetseries.owasp.org/cheatsheets/Denial_of_Service_Cheat_Sheet.html,NULL,0,0
13,captchaBypassChallenge,CAPTCHA Bypass,Brute Force,0,Broken Anti Automation,2026-03-04 09:18:12.825 +00:00,2026-03-04 09:18:12.825 +00:00,3,Submit 10 or more customer feedbacks within 20 seconds.,NULL,NULL,NULL,0,0
14,changePasswordBenderChallenge,Change Bender's Password,NULL,0,Broken Authentication,2026-03-04 09:18:12.825 +00:00,2026-03-04 09:18:12.825 +00:00,5,Change Bender's password into <i>slurmCl4ssic</i> without using SQL Injection or Forgot Password.,NULL,https://cheatsheetseries.owasp.org/cheatsheets/Authentication_Cheat_Sheet.html,NULL,0,0
15,christmasSpecialChallenge,Christmas Special,NULL,0,Injection,2026-03-04 09:18:12.825 +00:00,2026-03-04 09:18:12.825 +00:00,4,Order the Christmas special offer of 2014.,NULL,https://cheatsheetseries.owasp.org/cheatsheets/SQL_Injection_Prevention_Cheat_Sheet.html,NULL,0,0
16,usernameXssChallenge,CSP Bypass,Danger Zone,0,XSS,2026-03-04 09:18:12.825 +00:00,2026-03-04 09:18:12.825 +00:00,4,Bypass the Content Security Policy and perform an XSS attack with <code>&lt;script&gt;alert(`xss`)&lt;/script&gt;</code> on a legacy page within the application. <em>(This challenge is <strong>potentially harmful</strong> on Docker!)</em>,Docker,https://cheatsheetseries.owasp.org/cheatsheets/Cross_Site_Scripting_Prevention_Cheat_Sheet.html,NULL,0,0
17,persistedXssUserChallenge,Client-side XSS Protection,Danger Zone,0,XSS,2026-03-04 09:18:12.825 +00:00,2026-03-04 09:18:12.825 +00:00,3,"Perform a <i>persisted</i> XSS attack with <code>&lt;iframe src=""javascript:alert(`xss`)""&gt;</code> bypassing a <i>client-side</i> security mechanism. <em>(This challenge is <strong>potentially harmful</strong> on Docker!)</em>",Docker,https://cheatsheetseries.owasp.org/cheatsheets/Cross_Site_Scripting_Prevention_Cheat_Sheet.html,NULL,0,0
18,directoryListingChallenge,Confidential Document,"Good for Demos,With Coding Challenge",1,Sensitive Data Exposure,2026-03-04 09:18:12.825 +00:00,2026-03-04 09:18:54.189 +00:00,1,Access a confidential document.,NULL,NULL,NULL,1,0
19,localXssChallenge,DOM XSS,"Tutorial,Good for Demos,With Coding Challenge",0,XSS,2026-03-04 09:18:12.825 +00:00,2026-03-04 09:18:12.825 +00:00,1,"Perform a <i>DOM</i> XSS attack with <code>&lt;iframe src=""javascript:alert(`xss`)""&gt;</code>.",NULL,https://cheatsheetseries.owasp.org/cheatsheets/DOM_based_XSS_Prevention_Cheat_Sheet.html,2,1,0
20,dbSchemaChallenge,Database Schema,With Coding Challenge,0,Injection,2026-03-04 09:18:12.825 +00:00,2026-03-04 09:18:12.825 +00:00,3,Exfiltrate the entire DB schema definition via SQL Injection.,NULL,https://cheatsheetseries.owasp.org/cheatsheets/SQL_Injection_Prevention_Cheat_Sheet.html,NULL,1,0
21,deprecatedInterfaceChallenge,Deprecated Interface,"Contraption,Prerequisite",0,Security Misconfiguration,2026-03-04 09:18:12.826 +00:00,2026-03-04 09:18:12.826 +00:00,2,Use a deprecated B2B interface that was not properly shut down.,NULL,https://cheatsheetseries.owasp.org/cheatsheets/Web_Service_Security_Cheat_Sheet.html,NULL,0,0
22,easterEggLevelOneChallenge,Easter Egg,"Shenanigans,Contraption,Good for Demos",0,Broken Access Control,2026-03-04 09:18:12.826 +00:00,2026-03-04 09:18:12.826 +00:00,4,"Find the hidden <a href=""https://en.wikipedia.org/wiki/Easter_egg_(media)"" target=""_blank"">easter egg</a>.",NULL,NULL,NULL,0,0
23,emailLeakChallenge,Email Leak,NULL,0,Sensitive Data Exposure,2026-03-04 09:18:12.826 +00:00,2026-03-04 09:18:12.826 +00:00,5,Perform an unwanted information disclosure by accessing data cross-domain.,NULL,https://cheatsheetseries.owasp.org/cheatsheets/XS_Leaks_Cheat_Sheet.html,NULL,0,0
24,emptyUserRegistration,Empty User Registration,NULL,0,Improper Input Validation,2026-03-04 09:18:12.826 +00:00,2026-03-04 09:18:12.826 +00:00,2,Register a user with an empty email and password.,NULL,https://cheatsheetseries.owasp.org/cheatsheets/Input_Validation_Cheat_Sheet.html,NULL,0,0
25,ephemeralAccountantChallenge,Ephemeral Accountant,NULL,0,Injection,2026-03-04 09:18:12.826 +00:00,2026-03-04 09:18:12.826 +00:00,4,Log in with the (non-existing) accountant <i>acc0unt4nt@juice-sh.op</i> without ever registering that user.,NULL,https://cheatsheetseries.owasp.org/cheatsheets/SQL_Injection_Prevention_Cheat_Sheet.html,NULL,0,0
26,errorHandlingChallenge,Error Handling,Prerequisite,1,Security Misconfiguration,2026-03-04 09:18:12.826 +00:00,2026-03-04 09:18:35.173 +00:00,1,Provoke an error that is neither very gracefully nor consistently handled.,NULL,https://cheatsheetseries.owasp.org/cheatsheets/Error_Handling_Cheat_Sheet.html,NULL,0,0
27,manipulateClockChallenge,Expired Coupon,NULL,0,Improper Input Validation,2026-03-04 09:18:12.826 +00:00,2026-03-04 09:18:12.826 +00:00,4,Successfully redeem an expired campaign coupon code.,NULL,NULL,NULL,0,0
28,extraLanguageChallenge,Extra Language,Brute Force,0,Broken Anti Automation,2026-03-04 09:18:12.826 +00:00,2026-03-04 09:18:12.826 +00:00,5,First you should find out how the languages are technically changed in the user interface.,NULL,NULL,NULL,0,0
29,feedbackChallenge,Five-Star Feedback,NULL,0,Broken Access Control,2026-03-04 09:18:12.826 +00:00,2026-03-04 09:18:12.826 +00:00,2,Get rid of all 5-star customer feedback.,NULL,https://cheatsheetseries.owasp.org/cheatsheets/Authorization_Cheat_Sheet.html,NULL,0,0
30,forgedCouponChallenge,Forged Coupon,"Good for Demos,Code Analysis",0,Cryptographic Issues,2026-03-04 09:18:12.826 +00:00,2026-03-04 09:18:12.826 +00:00,6,Forge a coupon code that gives you a discount of at least 80%.,NULL,https://cheatsheetseries.owasp.org/cheatsheets/Cryptographic_Storage_Cheat_Sheet.html,NULL,0,0
31,forgedFeedbackChallenge,Forged Feedback,Tutorial,0,Broken Access Control,2026-03-04 09:18:12.826 +00:00,2026-03-04 09:18:12.826 +00:00,3,Post some feedback in another user's name.,NULL,https://cheatsheetseries.owasp.org/cheatsheets/Authorization_Cheat_Sheet.html,11,0,0
32,forgedReviewChallenge,Forged Review,With Coding Challenge,0,Broken Access Control,2026-03-04 09:18:12.827 +00:00,2026-03-04 09:18:12.827 +00:00,3,Post a product review as another user or edit any user's existing review.,NULL,https://cheatsheetseries.owasp.org/cheatsheets/Authorization_Cheat_Sheet.html,NULL,1,0
33,jwtForgedChallenge,Forged Signed JWT,NULL,0,Vulnerable Components,2026-03-04 09:18:12.827 +00:00,2026-03-04 09:18:12.827 +00:00,6,Forge an almost properly RSA-signed JWT token that impersonates the (non-existing) user <i>rsa_lord@juice-sh.op</i>.,NULL,https://cheatsheetseries.owasp.org/cheatsheets/JSON_Web_Token_for_Java_Cheat_Sheet.html,NULL,0,0
34,forgottenDevBackupChallenge,Forgotten Developer Backup,"Contraption,Good for Demos,Prerequisite",0,Sensitive Data Exposure,2026-03-04 09:18:12.827 +00:00,2026-03-04 09:18:12.827 +00:00,4,Access a developer's forgotten backup file.,NULL,NULL,NULL,0,0
35,forgottenBackupChallenge,Forgotten Sales Backup,Contraption,0,Sensitive Data Exposure,2026-03-04 09:18:12.827 +00:00,2026-03-04 09:18:12.827 +00:00,4,Access a salesman's forgotten backup file.,NULL,NULL,NULL,0,0
36,typosquattingAngularChallenge,Frontend Typosquatting,NULL,0,Vulnerable Components,2026-03-04 09:18:12.827 +00:00,2026-03-04 09:18:12.827 +00:00,5,"<a href=""/#/contact"">Inform the shop</a> about a <i>typosquatting</i> imposter that dug itself deep into the frontend. (Mention the exact name of the culprit)",NULL,https://cheatsheetseries.owasp.org/cheatsheets/Vulnerable_Dependency_Management_Cheat_Sheet.html,NULL,0,0
37,ghostLoginChallenge,GDPR Data Erasure,NULL,0,Broken Authentication,2026-03-04 09:18:12.827 +00:00,2026-03-04 09:18:12.827 +00:00,3,Log in with Chris' erased user account.,NULL,https://cheatsheetseries.owasp.org/cheatsheets/User_Privacy_Protection_Cheat_Sheet.html,NULL,0,0
38,dataExportChallenge,GDPR Data Theft,NULL,0,Sensitive Data Exposure,2026-03-04 09:18:12.827 +00:00,2026-03-04 09:18:12.827 +00:00,4,Steal someone else's personal data without using Injection.,NULL,https://cheatsheetseries.owasp.org/cheatsheets/User_Privacy_Protection_Cheat_Sheet.html,NULL,0,0
39,httpHeaderXssChallenge,HTTP-Header XSS,Danger Zone,0,XSS,2026-03-04 09:18:12.827 +00:00,2026-03-04 09:18:12.827 +00:00,4,"Perform a <i>persisted</i> XSS attack with <code>&lt;iframe src=""javascript:alert(`xss`)""&gt;</code> through an HTTP header. <em>(This challenge is <strong>potentially harmful</strong> on Docker!)</em>",Docker,https://cheatsheetseries.owasp.org/cheatsheets/Cross_Site_Scripting_Prevention_Cheat_Sheet.html,NULL,0,0
40,continueCodeChallenge,Imaginary Challenge,"Shenanigans,Code Analysis",0,Cryptographic Issues,2026-03-04 09:18:12.827 +00:00,2026-03-04 09:18:12.827 +00:00,6,"Solve challenge #999. Unfortunately, this challenge does not exist.",NULL,https://cheatsheetseries.owasp.org/cheatsheets/Cryptographic_Storage_Cheat_Sheet.html,NULL,0,0
41,dlpPasswordSprayingChallenge,Leaked Access Logs,OSINT,0,Sensitive Data Exposure,2026-03-04 09:18:12.827 +00:00,2026-03-04 09:18:12.827 +00:00,5,Dumpster dive the Internet for a leaked password and log in to the original user account it belongs to. (Creating a new account with the same password does not qualify as a solution.),NULL,https://cheatsheetseries.owasp.org/cheatsheets/Credential_Stuffing_Prevention_Cheat_Sheet.html,NULL,0,0
42,dlpPastebinDataLeakChallenge,Leaked Unsafe Product,"Shenanigans,OSINT",0,Sensitive Data Exposure,2026-03-04 09:18:12.828 +00:00,2026-03-04 09:18:12.828 +00:00,4,"Identify an unsafe product that was removed from the shop and <a href=""/#/contact"">inform the shop</a> which ingredients are dangerous.",NULL,NULL,NULL,0,0
43,typosquattingNpmChallenge,Legacy Typosquatting,NULL,0,Vulnerable Components,2026-03-04 09:18:12.828 +00:00,2026-03-04 09:18:12.828 +00:00,4,"<a href=""/#/contact"">Inform the shop</a> about a <i>typosquatting</i> trick it has been a victim of at least in <code>v6.2.0-SNAPSHOT</code>. (Mention the exact name of the culprit)",NULL,https://cheatsheetseries.owasp.org/cheatsheets/Vulnerable_Dependency_Management_Cheat_Sheet.html,NULL,0,0
44,loginAdminChallenge,Login Admin,"Tutorial,Good for Demos,With Coding Challenge",1,Injection,2026-03-04 09:18:12.828 +00:00,2026-03-04 09:18:37.535 +00:00,2,Log in with the administrator's user account.,NULL,https://cheatsheetseries.owasp.org/cheatsheets/SQL_Injection_Prevention_Cheat_Sheet.html,7,1,0
45,loginAmyChallenge,Login Amy,OSINT,0,Sensitive Data Exposure,2026-03-04 09:18:12.828 +00:00,2026-03-04 09:18:12.828 +00:00,3,"Log in with Amy's original user credentials. (This could take 93.83 billion trillion trillion centuries to brute force, but luckily she did not read the ""One Important Final Note"")",NULL,NULL,NULL,0,0
46,loginBenderChallenge,Login Bender,"Tutorial,With Coding Challenge",0,Injection,2026-03-04 09:18:12.828 +00:00,2026-03-04 09:18:12.828 +00:00,3,Log in with Bender's user account.,NULL,https://cheatsheetseries.owasp.org/cheatsheets/SQL_Injection_Prevention_Cheat_Sheet.html,13,1,0
47,oauthUserPasswordChallenge,Login Bjoern,Code Analysis,0,Broken Authentication,2026-03-04 09:18:12.828 +00:00,2026-03-04 09:18:12.828 +00:00,4,"Log in with Bjoern's Gmail account <i>without</i> previously changing his password, applying SQL Injection, or hacking his Google account.",NULL,https://cheatsheetseries.owasp.org/cheatsheets/Authentication_Cheat_Sheet.html,NULL,0,0
48,loginJimChallenge,Login Jim,"Tutorial,With Coding Challenge",0,Injection,2026-03-04 09:18:12.828 +00:00,2026-03-04 09:18:12.828 +00:00,3,Log in with Jim's user account.,NULL,https://cheatsheetseries.owasp.org/cheatsheets/SQL_Injection_Prevention_Cheat_Sheet.html,12,1,0
49,loginRapperChallenge,Login MC SafeSearch,"Shenanigans,OSINT",0,Sensitive Data Exposure,2026-03-04 09:18:12.828 +00:00,2026-03-04 09:18:12.828 +00:00,2,Log in with MC SafeSearch's original user credentials without applying SQL Injection or any other bypass.,NULL,NULL,NULL,0,0
50,loginSupportChallenge,Login Support Team,"Brute Force,Code Analysis",0,Security Misconfiguration,2026-03-04 09:18:12.828 +00:00,2026-03-04 09:18:12.828 +00:00,6,Log in with the support team's original user credentials without applying SQL Injection or any other bypass.,NULL,https://cheatsheetseries.owasp.org/cheatsheets/Authentication_Cheat_Sheet.html,NULL,0,0
51,basketManipulateChallenge,Manipulate Basket,NULL,0,Broken Access Control,2026-03-04 09:18:12.828 +00:00,2026-03-04 09:18:12.828 +00:00,3,Put an additional product into another user's shopping basket.,NULL,https://cheatsheetseries.owasp.org/cheatsheets/Authorization_Cheat_Sheet.html,NULL,0,0
52,misplacedSignatureFileChallenge,Misplaced Signature File,"Good Practice,Contraption",0,Sensitive Data Exposure,2026-03-04 09:18:12.828 +00:00,2026-03-04 09:18:12.828 +00:00,4,"Access a misplaced <a href=""https://github.com/Neo23x0/sigma"">SIEM signature</a> file.",NULL,https://cheatsheetseries.owasp.org/cheatsheets/Logging_Cheat_Sheet.html,NULL,0,0
53,timingAttackChallenge,Multiple Likes,NULL,0,Broken Anti Automation,2026-03-04 09:18:12.828 +00:00,2026-03-04 09:18:12.828 +00:00,6,Like any review at least three times as the same user.,NULL,NULL,NULL,0,0
54,easterEggLevelTwoChallenge,Nested Easter Egg,"Shenanigans,Good for Demos",0,Cryptographic Issues,2026-03-04 09:18:12.829 +00:00,2026-03-04 09:18:12.829 +00:00,4,Apply some advanced cryptanalysis to find <i>the real</i> easter egg.,NULL,NULL,NULL,0,0
55,noSqlCommandChallenge,NoSQL DoS,Danger Zone,0,Injection,2026-03-04 09:18:12.829 +00:00,2026-03-04 09:18:12.829 +00:00,4,Let the server sleep for some time. (It has done more than enough hard work for you) <em>(This challenge is <strong>potentially harmful</strong> on Docker!)</em>,Docker,https://cheatsheetseries.owasp.org/cheatsheets/Denial_of_Service_Cheat_Sheet.html,NULL,0,0
56,noSqlOrdersChallenge,NoSQL Exfiltration,Danger Zone,0,Injection,2026-03-04 09:18:12.829 +00:00,2026-03-04 09:18:12.829 +00:00,5,All your orders are belong to us! Even the ones which don't. <em>(This challenge is <strong>potentially harmful</strong> on Docker!)</em>,Docker,https://cheatsheetseries.owasp.org/cheatsheets/Injection_Prevention_Cheat_Sheet.html,NULL,0,0
57,noSqlReviewsChallenge,NoSQL Manipulation,With Coding Challenge,0,Injection,2026-03-04 09:18:12.829 +00:00,2026-03-04 09:18:12.829 +00:00,4,Update multiple product reviews at the same time.,NULL,https://cheatsheetseries.owasp.org/cheatsheets/Injection_Prevention_Cheat_Sheet.html,NULL,1,0
58,redirectCryptoCurrencyChallenge,Outdated Allowlist,"Code Analysis,With Coding Challenge",0,Unvalidated Redirects,2026-03-04 09:18:12.829 +00:00,2026-03-04 09:18:12.829 +00:00,1,Let us redirect you to one of our crypto currency addresses which are not promoted any longer.,NULL,https://cheatsheetseries.owasp.org/cheatsheets/Unvalidated_Redirects_and_Forwards_Cheat_Sheet.html,NULL,1,0
59,weakPasswordChallenge,Password Strength,"Brute Force,Tutorial,With Coding Challenge",0,Broken Authentication,2026-03-04 09:18:12.829 +00:00,2026-03-04 09:18:12.829 +00:00,2,Log in with the administrator's user credentials without previously changing them or applying SQL Injection.,NULL,https://cheatsheetseries.owasp.org/cheatsheets/Authentication_Cheat_Sheet.html,9,1,0
60,negativeOrderChallenge,Payback Time,NULL,0,Improper Input Validation,2026-03-04 09:18:12.829 +00:00,2026-03-04 09:18:12.829 +00:00,3,Place an order that makes you rich.,NULL,https://cheatsheetseries.owasp.org/cheatsheets/Input_Validation_Cheat_Sheet.html,NULL,0,0
61,premiumPaywallChallenge,Premium Paywall,Shenanigans,0,Cryptographic Issues,2026-03-04 09:18:12.829 +00:00,2026-03-04 09:18:12.829 +00:00,6,"<i class=""far fa-gem""></i><i class=""far fa-gem""></i><i class=""far fa-gem""></i><i class=""far fa-gem""></i><i class=""far fa-gem""></i><!--IvLuRfBJYlmStf9XfL6ckJFngyd9LfV1JaaN/KRTPQPidTuJ7FR+D/nkWJUF+0xUF07CeCeqYfxq+OJVVa0gNbqgYkUNvn//UbE7e95C+6e+7GtdpqJ8mqm4WcPvUGIUxmGLTTAC2+G9UuFCD1DUjg==--> <a href=""https://blockchain.info/address/1AbKfgvw9psQ41NbLi8kufDQTezwG8DRZm"" target=""_blank""><i class=""fab fa-btc fa-sm""></i> Unlock Premium Challenge</a> to access exclusive content.",NULL,https://cheatsheetseries.owasp.org/cheatsheets/Key_Management_Cheat_Sheet.html,NULL,0,0
62,privacyPolicyChallenge,Privacy Policy,"Good Practice,Tutorial,Good for Demos",0,Miscellaneous,2026-03-04 09:18:12.829 +00:00,2026-03-04 09:18:12.829 +00:00,1,Read our privacy policy.,NULL,NULL,4,0,0
63,privacyPolicyProofChallenge,Privacy Policy Inspection,"Shenanigans,Good for Demos",0,Security through Obscurity,2026-03-04 09:18:12.829 +00:00,2026-03-04 09:18:12.829 +00:00,3,Prove that you actually read our privacy policy.,NULL,NULL,NULL,0,0
64,changeProductChallenge,Product Tampering,With Coding Challenge,0,Broken Access Control,2026-03-04 09:18:12.829 +00:00,2026-03-04 09:18:12.829 +00:00,3,"Change the <code>href</code> of the link within the <a href=""/#/search?q=OWASP SSL Advanced Forensic Tool (O-Saft)"">OWASP SSL Advanced Forensic Tool (O-Saft)</a> product description into <i>https://owasp.slack.com</i>.",NULL,https://cheatsheetseries.owasp.org/cheatsheets/REST_Security_Cheat_Sheet.html,NULL,1,0
65,reflectedXssChallenge,Reflected XSS,"Tutorial,Danger Zone,Good for Demos",0,XSS,2026-03-04 09:18:12.829 +00:00,2026-03-04 09:18:12.829 +00:00,2,"Perform a <i>reflected</i> XSS attack with <code>&lt;iframe src=""javascript:alert(`xss`)""&gt;</code>. <em>(This challenge is <strong>potentially harmful</strong> on Docker!)</em>",Docker,https://cheatsheetseries.owasp.org/cheatsheets/Cross_Site_Scripting_Prevention_Cheat_Sheet.html,5,0,0
66,passwordRepeatChallenge,Repetitive Registration,NULL,0,Improper Input Validation,2026-03-04 09:18:12.829 +00:00,2026-03-04 09:18:12.829 +00:00,1,Follow the DRY principle while registering a user.,NULL,https://cheatsheetseries.owasp.org/cheatsheets/Input_Validation_Cheat_Sheet.html,NULL,0,0
67,resetPasswordBenderChallenge,Reset Bender's Password,"OSINT,With Coding Challenge",0,Broken Authentication,2026-03-04 09:18:12.829 +00:00,2026-03-04 09:18:12.829 +00:00,4,"Reset Bender's password via the <a href=""/#/forgot-password"">Forgot Password</a> mechanism with <i>the original answer</i> to his security question.",NULL,https://cheatsheetseries.owasp.org/cheatsheets/Choosing_and_Using_Security_Questions_Cheat_Sheet.html,NULL,1,0
68,resetPasswordBjoernChallenge,Reset Bjoern's Password,"OSINT,With Coding Challenge",0,Broken Authentication,2026-03-04 09:18:12.829 +00:00,2026-03-04 09:18:12.829 +00:00,5,"Reset the password of Bjoern's internal account via the <a href=""/#/forgot-password"">Forgot Password</a> mechanism with <i>the original answer</i> to his security question.",NULL,https://cheatsheetseries.owasp.org/cheatsheets/Choosing_and_Using_Security_Questions_Cheat_Sheet.html,NULL,1,0
69,resetPasswordJimChallenge,Reset Jim's Password,"OSINT,With Coding Challenge",0,Broken Authentication,2026-03-04 09:18:12.830 +00:00,2026-03-04 09:18:12.830 +00:00,3,"Reset Jim's password via the <a href=""/#/forgot-password"">Forgot Password</a> mechanism with <i>the original answer</i> to his security question.",NULL,https://cheatsheetseries.owasp.org/cheatsheets/Choosing_and_Using_Security_Questions_Cheat_Sheet.html,NULL,1,0
70,resetPasswordMortyChallenge,Reset Morty's Password,"OSINT,Brute Force,With Coding Challenge",0,Broken Anti Automation,2026-03-04 09:18:12.830 +00:00,2026-03-04 09:18:12.830 +00:00,5,"Reset Morty's password via the <a href=""/#/forgot-password"">Forgot Password</a> mechanism with <i>his obfuscated answer</i> to his security question.",NULL,https://cheatsheetseries.owasp.org/cheatsheets/Forgot_Password_Cheat_Sheet.html,NULL,1,0
71,retrieveBlueprintChallenge,Retrieve Blueprint,NULL,0,Sensitive Data Exposure,2026-03-04 09:18:12.830 +00:00,2026-03-04 09:18:12.830 +00:00,5,Deprive the shop of earnings by downloading the blueprint for one of its products.,NULL,NULL,NULL,0,0
72,ssrfChallenge,SSRF,Code Analysis,0,Broken Access Control,2026-03-04 09:18:12.830 +00:00,2026-03-04 09:18:12.830 +00:00,6,Request a hidden resource on server through server.,NULL,https://cheatsheetseries.owasp.org/cheatsheets/Server_Side_Request_Forgery_Prevention_Cheat_Sheet.html,NULL,0,0
73,sstiChallenge,SSTi,"Contraption,Danger Zone,Code Analysis",0,Injection,2026-03-04 09:18:12.830 +00:00,2026-03-04 09:18:12.830 +00:00,6,Infect the server with juicy malware by abusing arbitrary command execution. <em>(This challenge is <strong>potentially harmful</strong> on Docker!)</em>,Docker,NULL,NULL,0,0
74,scoreBoardChallenge,Score Board,"Tutorial,Code Analysis,With Coding Challenge",0,Miscellaneous,2026-03-04 09:18:12.830 +00:00,2026-03-04 09:18:12.830 +00:00,1,Find the carefully hidden 'Score Board' page.,NULL,NULL,1,1,0
75,securityPolicyChallenge,Security Policy,Good Practice,0,Miscellaneous,2026-03-04 09:18:12.830 +00:00,2026-03-04 09:18:12.830 +00:00,2,"Behave like any ""white-hat"" should before getting into the action.",NULL,https://cheatsheetseries.owasp.org/cheatsheets/Vulnerability_Disclosure_Cheat_Sheet.html,NULL,0,0
76,persistedXssFeedbackChallenge,Server-side XSS Protection,Danger Zone,0,XSS,2026-03-04 09:18:12.830 +00:00,2026-03-04 09:18:12.830 +00:00,4,"Perform a <i>persisted</i> XSS attack with <code>&lt;iframe src=""javascript:alert(`xss`)""&gt;</code> bypassing a <i>server-side</i> security mechanism. <em>(This challenge is <strong>potentially harmful</strong> on Docker!)</em>",Docker,https://cheatsheetseries.owasp.org/cheatsheets/Cross_Site_Scripting_Prevention_Cheat_Sheet.html,NULL,0,0
77,hiddenImageChallenge,Steganography,Shenanigans,0,Security through Obscurity,2026-03-04 09:18:12.830 +00:00,2026-03-04 09:18:12.830 +00:00,4,"<a href=""/#/contact"">Rat out</a> a notorious character hiding in plain sight in the shop. (Mention the exact name of the character)",NULL,NULL,NULL,0,0
78,rceOccupyChallenge,Successful RCE DoS,Danger Zone,0,Insecure Deserialization,2026-03-04 09:18:12.830 +00:00,2026-03-04 09:18:12.830 +00:00,6,Perform a Remote Code Execution that occupies the server for a while without using infinite loops. <em>(This challenge is <strong>potentially harmful</strong> on Docker!)</em>,Docker,https://cheatsheetseries.owasp.org/cheatsheets/Denial_of_Service_Cheat_Sheet.html,NULL,0,0
79,supplyChainAttackChallenge,Supply Chain Attack,OSINT,0,Vulnerable Components,2026-03-04 09:18:12.830 +00:00,2026-03-04 09:18:12.830 +00:00,5,"<a href=""/#/contact"">Inform the development team</a> about a danger to some of <em>their</em> credentials. (Send them the URL of the <em>original report</em> or an assigned CVE or another identifier of this vulnerability)",NULL,NULL,NULL,0,0
80,twoFactorAuthUnsafeSecretStorageChallenge,Two Factor Authentication,NULL,0,Broken Authentication,2026-03-04 09:18:12.830 +00:00,2026-03-04 09:18:12.830 +00:00,5,"Solve the 2FA challenge for user ""wurstbrot"". (Disabling, bypassing or overwriting his 2FA settings does not count as a solution)",NULL,https://cheatsheetseries.owasp.org/cheatsheets/Multifactor_Authentication_Cheat_Sheet.html,NULL,0,0
81,jwtUnsignedChallenge,Unsigned JWT,NULL,0,Vulnerable Components,2026-03-04 09:18:12.830 +00:00,2026-03-04 09:18:12.830 +00:00,5,Forge an essentially unsigned JWT token that impersonates the (non-existing) user <i>jwtn3d@juice-sh.op</i>.,NULL,https://cheatsheetseries.owasp.org/cheatsheets/JSON_Web_Token_for_Java_Cheat_Sheet.html,NULL,0,0
82,uploadSizeChallenge,Upload Size,NULL,0,Improper Input Validation,2026-03-04 09:18:12.830 +00:00,2026-03-04 09:18:12.830 +00:00,3,Upload a file larger than 100 kB.,NULL,https://cheatsheetseries.owasp.org/cheatsheets/File_Upload_Cheat_Sheet.html,NULL,0,0
83,uploadTypeChallenge,Upload Type,NULL,0,Improper Input Validation,2026-03-04 09:18:12.830 +00:00,2026-03-04 09:18:12.830 +00:00,3,Upload a file that has no .pdf or .zip extension.,NULL,https://cheatsheetseries.owasp.org/cheatsheets/File_Upload_Cheat_Sheet.html,NULL,0,0
84,unionSqlInjectionChallenge,User Credentials,With Coding Challenge,0,Injection,2026-03-04 09:18:12.830 +00:00,2026-03-04 09:18:12.830 +00:00,4,Retrieve a list of all user credentials via SQL Injection.,NULL,https://cheatsheetseries.owasp.org/cheatsheets/SQL_Injection_Prevention_Cheat_Sheet.html,NULL,1,0
85,videoXssChallenge,Video XSS,Danger Zone,0,XSS,2026-03-04 09:18:12.830 +00:00,2026-03-04 09:18:12.830 +00:00,6,Embed an XSS payload <code>&lt;/script&gt;&lt;script&gt;alert(`xss`)&lt;/script&gt;</code> into our promo video. <em>(This challenge is <strong>potentially harmful</strong> on Docker!)</em>,Docker,https://cheatsheetseries.owasp.org/cheatsheets/Cross_Site_Scripting_Prevention_Cheat_Sheet.html,NULL,0,0
86,basketAccessChallenge,View Basket,"Tutorial,Good for Demos",0,Broken Access Control,2026-03-04 09:18:12.831 +00:00,2026-03-04 09:18:12.831 +00:00,2,View another user's shopping basket.,NULL,https://cheatsheetseries.owasp.org/cheatsheets/Authorization_Cheat_Sheet.html,10,0,0
87,knownVulnerableComponentChallenge,Vulnerable Library,OSINT,0,Vulnerable Components,2026-03-04 09:18:12.831 +00:00,2026-03-04 09:18:12.831 +00:00,4,"<a href=""/#/contact"">Inform the shop</a> about a vulnerable library it is using. (Mention the exact library name and version in your comment)",NULL,https://cheatsheetseries.owasp.org/cheatsheets/Vulnerability_Disclosure_Cheat_Sheet.html,NULL,0,0
88,weirdCryptoChallenge,Weird Crypto,NULL,0,Cryptographic Issues,2026-03-04 09:18:12.831 +00:00,2026-03-04 09:18:12.831 +00:00,2,"<a href=""/#/contact"">Inform the shop</a> about an algorithm or library it should definitely not use the way it does.",NULL,https://cheatsheetseries.owasp.org/cheatsheets/Vulnerability_Disclosure_Cheat_Sheet.html,NULL,0,0
89,redirectChallenge,Allowlist Bypass,"Prerequisite,With Coding Challenge",0,Unvalidated Redirects,2026-03-04 09:18:12.831 +00:00,2026-03-04 09:18:12.831 +00:00,4,Enforce a redirect to a page you are not supposed to redirect to.,NULL,https://cheatsheetseries.owasp.org/cheatsheets/Unvalidated_Redirects_and_Forwards_Cheat_Sheet.html,NULL,1,0
90,xxeFileDisclosureChallenge,XXE Data Access,Danger Zone,0,XXE,2026-03-04 09:18:12.831 +00:00,2026-03-04 09:18:12.831 +00:00,3,Retrieve the content of <code>C:\\Windows\\system.ini</code> or <code>/etc/passwd</code> from the server. <em>(This challenge is <strong>potentially harmful</strong> on Docker!)</em>,Docker,https://cheatsheetseries.owasp.org/cheatsheets/XML_External_Entity_Prevention_Cheat_Sheet.html,NULL,0,0
91,xxeDosChallenge,XXE DoS,Danger Zone,0,XXE,2026-03-04 09:18:12.831 +00:00,2026-03-04 09:18:12.831 +00:00,5,Give the server something to chew on for quite a while. <em>(This challenge is <strong>potentially harmful</strong> on Docker!)</em>,Docker,https://cheatsheetseries.owasp.org/cheatsheets/XML_External_Entity_Prevention_Cheat_Sheet.html,NULL,0,0
92,yamlBombChallenge,Memory Bomb,Danger Zone,0,Insecure Deserialization,2026-03-04 09:18:12.831 +00:00,2026-03-04 09:18:12.831 +00:00,5,Drop some explosive data into a vulnerable file-handling endpoint. <em>(This challenge is <strong>potentially harmful</strong> on Docker!)</em>,Docker,https://cheatsheetseries.owasp.org/cheatsheets/Denial_of_Service_Cheat_Sheet.html,NULL,0,0
93,zeroStarsChallenge,Zero Stars,NULL,0,Improper Input Validation,2026-03-04 09:18:12.831 +00:00,2026-03-04 09:18:12.831 +00:00,1,Give a devastating zero-star feedback to the store.,NULL,NULL,NULL,0,0
94,missingEncodingChallenge,Missing Encoding,Shenanigans,0,Improper Input Validation,2026-03-04 09:18:12.831 +00:00,2026-03-04 09:18:12.831 +00:00,1,"Retrieve the photo of Bjoern's cat in ""melee combat-mode"".",NULL,NULL,NULL,0,0
95,svgInjectionChallenge,Cross-Site Imaging,Contraption,0,Security Misconfiguration,2026-03-04 09:18:12.831 +00:00,2026-03-04 09:18:12.831 +00:00,5,"Stick <a href=""https://cataas.com/cat"" target=""_blank"">cute cross-domain kittens</a> all over our delivery boxes.",NULL,NULL,NULL,0,0
96,exposedMetricsChallenge,Exposed Metrics,"Good Practice,With Coding Challenge",0,Sensitive Data Exposure,2026-03-04 09:18:12.831 +00:00,2026-03-04 09:18:12.831 +00:00,1,"Find the endpoint that serves usage data to be scraped by a <a href=""https://github.com/prometheus/prometheus"">popular monitoring system</a>.",NULL,NULL,NULL,1,0
97,freeDeluxeChallenge,Deluxe Fraud,NULL,0,Improper Input Validation,2026-03-04 09:18:12.831 +00:00,2026-03-04 09:18:12.831 +00:00,3,Obtain a Deluxe Membership without paying for it.,NULL,NULL,NULL,0,0
98,csrfChallenge,CSRF,NULL,0,Broken Access Control,2026-03-04 09:18:12.831 +00:00,2026-03-04 09:18:12.831 +00:00,3,"Change the name of a user by performing Cross-Site Request Forgery from <a href=""http://htmledit.squarefree.com"">another origin</a>.",NULL,https://cheatsheetseries.owasp.org/cheatsheets/Cross-Site_Request_Forgery_Prevention_Cheat_Sheet.html,NULL,0,0
99,xssBonusChallenge,Bonus Payload,"Shenanigans,Tutorial,With Coding Challenge",0,XSS,2026-03-04 09:18:12.831 +00:00,2026-03-04 09:18:12.831 +00:00,1,Use the bonus payload <code>&lt;iframe width=&quot;100%&quot; height=&quot;166&quot; scrolling=&quot;no&quot; frameborder=&quot;no&quot; allow=&quot;autoplay&quot; src=&quot;https://w.soundcloud.com/player/?url=https%3A//api.soundcloud.com/tracks/771984076&amp;color=%23ff5500&amp;auto_play=true&amp;hide_related=false&amp;show_comments=true&amp;show_user=true&amp;show_reposts=false&amp;show_teaser=true&quot;&gt;&lt;/iframe&gt;</code> in the <i>DOM XSS</i> challenge.,NULL,https://cheatsheetseries.owasp.org/cheatsheets/DOM_based_XSS_Prevention_Cheat_Sheet.html,3,1,0
100,resetPasswordUvoginChallenge,Reset Uvogin's Password,"OSINT,With Coding Challenge",0,Sensitive Data Exposure,2026-03-04 09:18:12.831 +00:00,2026-03-04 09:18:12.831 +00:00,4,"Reset Uvogin's password via the <a href=""/#/forgot-password"">Forgot Password</a> mechanism with <i>the original answer</i> to his security question.",NULL,https://cheatsheetseries.owasp.org/cheatsheets/Choosing_and_Using_Security_Questions_Cheat_Sheet.html,NULL,1,0
101,geoStalkingMetaChallenge,Meta Geo Stalking,OSINT,0,Sensitive Data Exposure,2026-03-04 09:18:12.831 +00:00,2026-03-04 09:18:12.831 +00:00,2,"Determine the answer to John's security question by looking at an upload of him to the Photo Wall and use it to reset his password via the <a href=""/#/forgot-password"">Forgot Password</a> mechanism.",NULL,https://cheatsheetseries.owasp.org/cheatsheets/Choosing_and_Using_Security_Questions_Cheat_Sheet.html,NULL,0,0
102,geoStalkingVisualChallenge,Visual Geo Stalking,OSINT,0,Sensitive Data Exposure,2026-03-04 09:18:12.831 +00:00,2026-03-04 09:18:12.831 +00:00,2,"Determine the answer to Emma's security question by looking at an upload of her to the Photo Wall and use it to reset her password via the <a href=""/#/forgot-password"">Forgot Password</a> mechanism.",NULL,https://cheatsheetseries.owasp.org/cheatsheets/Choosing_and_Using_Security_Questions_Cheat_Sheet.html,NULL,0,0
103,killChatbotChallenge,Kill Chatbot,Code Analysis,0,Vulnerable Components,2026-03-04 09:18:12.832 +00:00,2026-03-04 09:18:12.832 +00:00,5,Permanently disable the support chatbot so that it can no longer answer customer queries.,NULL,https://cheatsheetseries.owasp.org/cheatsheets/Vulnerable_Dependency_Management_Cheat_Sheet.html,NULL,0,0
104,nullByteChallenge,Poison Null Byte,Prerequisite,0,Improper Input Validation,2026-03-04 09:18:12.832 +00:00,2026-03-04 09:18:12.832 +00:00,4,"Bypass a security control with a <a href=""https://hakipedia.com/index.php/Poison_Null_Byte"">Poison Null Byte</a> to access a file not meant for your eyes.",NULL,NULL,NULL,0,0
105,bullyChatbotChallenge,Bully Chatbot,"Shenanigans,Brute Force",0,Miscellaneous,2026-03-04 09:18:12.832 +00:00,2026-03-04 09:18:12.832 +00:00,1,Receive a coupon code from the support chatbot.,NULL,NULL,NULL,0,0
106,lfrChallenge,Local File Read,"OSINT,Danger Zone",0,Vulnerable Components,2026-03-04 09:18:12.832 +00:00,2026-03-04 09:18:12.832 +00:00,5,Gain read access to an arbitrary local file on the web server. <em>(This challenge is <strong>potentially harmful</strong> on Docker!)</em>,Docker,NULL,NULL,0,0
107,closeNotificationsChallenge,Mass Dispel,NULL,0,Miscellaneous,2026-03-04 09:18:12.832 +00:00,2026-03-04 09:18:12.832 +00:00,1,"Close multiple ""Challenge solved""-notifications in one go.",NULL,NULL,NULL,0,0
108,csafChallenge,Security Advisory,NULL,0,Miscellaneous,2026-03-04 09:18:12.832 +00:00,2026-03-04 09:18:12.832 +00:00,3,"The Juice Shop is susceptible to a known vulnerability in a library, for which an advisory has already been issued, marking the Juice Shop as <i>known affected</i>. A fix is still pending. <a href=""/#/contact"">Inform the shop</a> about a suitable checksum as proof that you did your due diligence.",NULL,NULL,NULL,0,0
109,exposedCredentialsChallenge,Exposed credentials,NULL,0,Sensitive Data Exposure,2026-03-04 09:18:12.832 +00:00,2026-03-04 09:18:12.832 +00:00,2,"A developer was careless with hardcoding unused, but still valid credentials for a testing account on the client-side.",NULL,https://cheatsheetseries.owasp.org/cheatsheets/Secrets_Management_Cheat_Sheet.html,6,0,0
110,leakedApiKeyChallenge,Leaked API Key,NULL,0,Sensitive Data Exposure,2026-03-04 09:18:12.832 +00:00,2026-03-04 09:18:12.832 +00:00,5,"<a href=""/#/contact"">Inform the shop</a> about a leaked API key. (Mention the exact key in your comment)",NULL,https://cheatsheetseries.owasp.org/cheatsheets/Secrets_Management_Cheat_Sheet.html,NULL,0,0

